Looney Tunes 1-1-01;Looney Tunes S1946E02 Baseball Bugs
Looney Tunes 1-1-02;Looney Tunes S1952E23 Rabbit Seasoning
Looney Tunes 1-1-03;Looney Tunes S1949E16 Long-Haired Hare
Looney Tunes 1-1-04;Looney Tunes S1949W11 High Diving Hare
Looney Tunes 1-1-05;Looney Tunes S1953E19 Bully for Bugs
Looney Tunes 1-1-06;Looney Tunes S1950E15 What's up Doc?
Looney Tunes 1-1-07;Looney Tunes S1952E27 Rabbit's Kin
Looney Tunes 1-1-08;Looney Tunes S1952E11 Water, Water Every Hare
Looney Tunes 1-1-09;Looney Tunes S1950E10 Big House Bunny
Looney Tunes 1-1-10;Looney Tunes S1951E27 Big Top Bunny
Looney Tunes 1-1-11;Looney Tunes S1948E32 My Bunny Lies Over the Sea
Looney Tunes 1-1-12;Looney Tunes S1941E40 Wabbit Twouble
Looney Tunes 1-1-13;Looney Tunes S1951E23 Ballot Box Bunny
Looney Tunes 1-1-14;Looney Tunes S1950E30 Rabbit of Seville
Looney Tunes 1-2-01;Looney Tunes S1953E06 Duck Amuck
Looney Tunes 1-2-02;Looney Tunes S1949E23 Dough for the Do-Do
Looney Tunes 1-2-03;Looney Tunes S1951E26 Drip-Along Daffy
Looney Tunes 1-2-04;Looney Tunes S1948E33 Scaredy Cat
Looney Tunes 1-2-05;Looney Tunes S1950E21 The Ducksters
Looney Tunes 1-2-06;Looney Tunes S1950E06 The Scarlet Pumpernickel
Looney Tunes 1-2-07;Looney Tunes S1943E14 Yankee Doodle Daffy
Looney Tunes 1-2-08;Looney Tunes S1949E05 Porky Chops
Looney Tunes 1-2-09;Looney Tunes S1951E17 The Wearing of the Grin
Looney Tunes 1-2-10;Looney Tunes S1956E23 Deduce, You Say
Looney Tunes 1-2-11;Looney Tunes S1950E03 Boobs in the Woods
Looney Tunes 1-2-12;Looney Tunes S1950E18 Golden Yeggs
Looney Tunes 1-2-13;Looney Tunes S1951E13 Rabbit Fire
Looney Tunes 1-2-14;Looney Tunes S1953E18 Duck Dodgers in the 24 1/2th Century
Looney Tunes 1-3-01;Looney Tunes S1940E07 Elmer's Candid Camera
Looney Tunes 1-3-02;Looney Tunes S1944E05 Bugs Bunny and the Three Bears
Looney Tunes 1-3-03;Looney Tunes S1949E24 Fast and Furry-ous
Looney Tunes 1-3-04;Looney Tunes S1946E10 Hair-Raising Hare
Looney Tunes 1-3-05;Looney Tunes S1949E04 Awful Orphan
Looney Tunes 1-3-06;Looney Tunes S1948E19 Haredevil Hare
Looney Tunes 1-3-07;Looney Tunes S1949E29 For Scent-imental Reasons
Looney Tunes 1-3-08;Looney Tunes S1949E26 Frigid Hare
Looney Tunes 1-3-09;Looney Tunes S1950E09 The Hypo-Chondri-Cat
Looney Tunes 1-3-10;Looney Tunes S1959E01 Baton Bunny
Looney Tunes 1-3-11;Looney Tunes S1952E03 Feed the Kitty
Looney Tunes 1-3-12;Looney Tunes S1953E01 Don't Give Up the Sheep
Looney Tunes 1-3-13;Looney Tunes S1942E22 Bugs Bunny Gets the Boid
Looney Tunes 1-3-14;Looney Tunes S1943E04 Tortoise Wins by a Hare
Looney Tunes 1-4-01;Looney Tunes S1950E24 Canary Row
Looney Tunes 1-4-02;Looney Tunes S1950E23 Bunker Hill Bunny
Looney Tunes 1-4-03;Looney Tunes S1948E29 Kit for Cat
Looney Tunes 1-4-04;Looney Tunes S1951E05 Putty Tat Trouble
Looney Tunes 1-4-05;Looney Tunes S1954E07 Bugs and Thugs
Looney Tunes 1-4-06;Looney Tunes S1951E03 Canned Feud
Looney Tunes 1-4-07;Looney Tunes S1955E16 Lumber Jerks
Looney Tunes 1-4-08;Looney Tunes S1955E23 Speedy Gonzales
Looney Tunes 1-4-09;Looney Tunes S1951E22 Tweety's S.O.S.
Looney Tunes 1-4-10;Looney Tunes S1948E26 The Foghorn Leghorn
Looney Tunes 1-4-11;Looney Tunes S1949E08 Daffy Duck Hunt
Looney Tunes 1-4-12;Looney Tunes S1951E12 Early to Bet
Looney Tunes 1-4-13;Looney Tunes S1959E18 A Broken Leghorn
Looney Tunes 1-4-14;Looney Tunes S1954E15 Devil May Hare
Looney Tunes 2-1-01;Looney Tunes S1946E21 The Big Snooze
Looney Tunes 2-1-02;Looney Tunes S1956E05 Broom-Stick Bunny
Looney Tunes 2-1-03;Looney Tunes S1948E15 Bugs Bunny Rides Again
Looney Tunes 2-1-04;Looney Tunes S1951E07 Bunny Hugged
Looney Tunes 2-1-05;Looney Tunes S1951E16 French Rarebit
Looney Tunes 2-1-06;Looney Tunes S1948E01 Gorilla My Dreams
Looney Tunes 2-1-07;Looney Tunes S1942E35 The Hare-Brained Hypnotist
Looney Tunes 2-1-08;Looney Tunes S1945E13 Hare Conditioned
Looney Tunes 2-1-09;Looney Tunes S1941E23 The Heckling Hare
Looney Tunes 2-1-10;Looney Tunes S1944E01 Little Red Riding Rabbit
Looney Tunes 2-1-11;Looney Tunes S1941E09 Tortoise Beats Hare
Looney Tunes 2-1-12;Looney Tunes S1947E08 Rabbit Transit
Looney Tunes 2-1-13;Looney Tunes S1947E19 Slick Hare
Looney Tunes 2-1-14;Looney Tunes S1954E29 Baby Buggy Bunny
Looney Tunes 2-1-15;Looney Tunes S1955E21 Hyde and Hare
Looney Tunes 2-2-01;Looney Tunes S1952E08 Beep Beep
Looney Tunes 2-2-02;Looney Tunes S1952E12 Going! Going! Gosh!
Looney Tunes 2-2-03;Looney Tunes S1953E23 Zipping Along
Looney Tunes 2-2-04;Looney Tunes S1954E20 Stop! Look! And Hasten!
Looney Tunes 2-2-05;Looney Tunes S1955E11 Ready...Set...Zoom!
Looney Tunes 2-2-06;Looney Tunes S1955E29 Guided Muscle
Looney Tunes 2-2-07;Looney Tunes S1956E11 Gee Whiz-z-z-z-z-z-z
Looney Tunes 2-2-08;Looney Tunes S1956E26 There They Go-Go-Go!
Looney Tunes 2-2-09;Looney Tunes S1957E03 Scrambled Aches
Looney Tunes 2-2-10;Looney Tunes S1957E19 Zoom and Bored
Looney Tunes 2-2-11;Looney Tunes S1958E07 Whoa, Be-Gone!
Looney Tunes 2-2-12;Looney Tunes S1951E20 Cheese Chasers
Looney Tunes 2-2-13;Looney Tunes S1942E31 The Dover Boys at Pimento University or The Rivals of Roquefort Hall
Looney Tunes 2-2-14;Looney Tunes S1949E10 Mouse Wreckers
Looney Tunes 2-2-15;Looney Tunes S1951E24 A Bear for Punishment
Looney Tunes 2-3-01;Looney Tunes S1949E19 Bad Ol' Putty Tat
Looney Tunes 2-3-02;Looney Tunes S1950E16 All a Bir-r-r-d
Looney Tunes 2-3-03;Looney Tunes S1951E14 Room and Bird
Looney Tunes 2-3-04;Looney Tunes S1951E28 Tweet Tweet Tweety
Looney Tunes 2-3-05;Looney Tunes S1952E04 Gift Wrapped
Looney Tunes 2-3-06;Looney Tunes S1952E16 Ain't She Tweet
Looney Tunes 2-3-07;Looney Tunes S1952E21 A Bird in a Guilty Cage
Looney Tunes 2-3-08;Looney Tunes S1953E02 Snow Business
Looney Tunes 2-3-09;Looney Tunes S1947E07 Tweetie Pie
Looney Tunes 2-3-10;Looney Tunes S1946E11 Kitty Kornered
Looney Tunes 2-3-11;Looney Tunes S1946E05 Baby Bottleneck
Looney Tunes 2-3-12;Looney Tunes S1939E22 Old Glory
Looney Tunes 2-3-13;Looney Tunes S1946E15 The Great Piggy Bank Robbery
Looney Tunes 2-3-14;Looney Tunes S1944E12 Duck Soup to Nuts
Looney Tunes 2-3-15;Looney Tunes S1938E29 Porky in Wackyland
Looney Tunes 2-4-01;Looney Tunes S1948E08 Back Alley Oproar
Looney Tunes 2-4-02;Looney Tunes S1946E01 Book Revue
Looney Tunes 2-4-03;Looney Tunes S1943E22 A Corny Concerto
Looney Tunes 2-4-04;Looney Tunes S1938E19 Have You Got Any Castles?
Looney Tunes 2-4-05;Looney Tunes S1941E17 Hollywood Steps Out
Looney Tunes 2-4-06;Looney Tunes S1936E19 I Love to Singa
Looney Tunes 2-4-07;Looney Tunes S1938E17 Katnip Kollege
Looney Tunes 2-4-08;Looney Tunes S1942E32 The Hep Cat
Looney Tunes 2-4-09;Looney Tunes S1957E01 Three Little Bops
Looney Tunes 2-4-10;Looney Tunes S1955E31 One Froggy Evening
Looney Tunes 2-4-11;Looney Tunes S1946E24 Rhapsody Rabbit
Looney Tunes 2-4-12;Looney Tunes S1957E22 Show Biz Bugs
Looney Tunes 2-4-13;Looney Tunes S1944E27 Stage Door Cartoon
Looney Tunes 2-4-14;Looney Tunes S1957E14 What's Opera, Doc?
Looney Tunes 2-4-15;Looney Tunes S1940E16 You Ought to Be in Pictures
Looney Tunes 3-1-01;Looney Tunes S1944E17 Hare Force
Looney Tunes 3-1-02;Looney Tunes S1946E06 Hare Remover
Looney Tunes 3-1-03;Looney Tunes S1945E17 Hare Tonic
Looney Tunes 3-1-04;Looney Tunes S1947E05 A Hare Grows in Manhattan
Looney Tunes 3-1-05;Looney Tunes S1947E12 Easter Yeggs
Looney Tunes 3-1-06;Looney Tunes S1942E09 The Wabbit Who Came to Supper
Looney Tunes 3-1-07;Looney Tunes S1949E14 Bowery Bugs
Looney Tunes 3-1-08;Looney Tunes S1950E07 Homeless Hare
Looney Tunes 3-1-09;Looney Tunes S1942E39 Case of the Missing Hare
Looney Tunes 3-1-10;Looney Tunes S1946E13 Acrobatty Bunny
Looney Tunes 3-1-11;Looney Tunes S1943E17 Wackiki Wabbit
Looney Tunes 3-1-12;Looney Tunes S1949E02 Hare Do
Looney Tunes 3-1-13;Looney Tunes S1949E09 Rebel Rabbit
Looney Tunes 3-1-14;Looney Tunes S1950E19 Hillbilly Hare
Looney Tunes 3-1-15;Looney Tunes S1953E09 Duck! Rabbit, Duck!
Looney Tunes 3-2-01;Looney Tunes S1938E37 Daffy Duck in Hollywood
Looney Tunes 3-2-02;Looney Tunes S1935E20 Hollywood Capers
Looney Tunes 3-2-03;Looney Tunes S1936E30 The CooCoo Nut Grove
Looney Tunes 3-2-04;Looney Tunes S1937E04 Porky's Road Race
Looney Tunes 3-2-05;Looney Tunes S1937E34 The Woods Are Full of Cuckoos
Looney Tunes 3-2-06;Looney Tunes S1937E09 She Was an Acrobat's Daughter
Looney Tunes 3-2-07;Looney Tunes S1939E43 The Film Fan
Looney Tunes 3-2-08;Looney Tunes S1937E25 Speaking of the Weather
Looney Tunes 3-2-09;Looney Tunes S1939E15 Thugs with Dirty Mugs
Looney Tunes 3-2-10;Looney Tunes S1941E11 Goofy Groceries
Looney Tunes 3-2-11;Looney Tunes S1944E10 Swooner Crooner
Looney Tunes 3-2-12;Looney Tunes S1956E25 Wideo Wabbit
Looney Tunes 3-2-13;Looney Tunes S1956E28 The Honey-Mousers
Looney Tunes 3-2-14;Looney Tunes S1961E18 The Last Hungry Cat
Looney Tunes 3-2-15;Looney Tunes S1959E06 The Mouse That Jack Built
Looney Tunes 3-3-01;Looney Tunes S1935E04 I Haven't Got a Hat
Looney Tunes 3-3-02;Looney Tunes S1937E08 Porky's Romance
Looney Tunes 3-3-03;Looney Tunes S1938E18 Porky's Party
Looney Tunes 3-3-04;Looney Tunes S1938E33 Porky in Egypt
Looney Tunes 3-3-05;Looney Tunes S1939E14 Porky and Teabiscuit
Looney Tunes 3-3-06;Looney Tunes S1937E03 Pigs is Pigs
Looney Tunes 3-3-07;Looney Tunes S1943E03 Pigs in a Polka
Looney Tunes 3-3-08;Looney Tunes S1943E18 Porky Pig's Feat
Looney Tunes 3-3-09;Looney Tunes S1948E06 Daffy Duck Slept Here
Looney Tunes 3-3-10;Looney Tunes S1949E28 Bye, Bye Bluebeard
Looney Tunes 3-3-11;Looney Tunes S1950E13 An Egg Scramble
Looney Tunes 3-3-12;Looney Tunes S1958E05 Robin Hood Daffy
Looney Tunes 3-3-13;Looney Tunes S1949E22 The Windblown Hare
Looney Tunes 3-3-14;Looney Tunes S1954E13 Claws for Alarm
Looney Tunes 3-3-15;Looney Tunes S1956E06 Rocket Squad
Looney Tunes 3-4-01;Looney Tunes S1939E13 Daffy Duck and the Dinosaur
Looney Tunes 3-4-02;Looney Tunes S1943E09 Super-Rabbit
Looney Tunes 3-4-03;Looney Tunes S1938E01 Daffy Duck & Egghead
Looney Tunes 3-4-04;Looney Tunes S1945E10 A Gruesome Twosome
Looney Tunes 3-4-05;Looney Tunes S1945E03 Draftee Daffy
Looney Tunes 3-4-06;Looney Tunes S1943E24 Falling Hare
Looney Tunes 3-4-07;Looney Tunes S1957E12 Steal Wool
Looney Tunes 3-4-08;Looney Tunes S1957E16 Birds Anonymous
Looney Tunes 3-4-09;Looney Tunes S1954E06 No Barking
Looney Tunes 3-4-10;Looney Tunes S1948E10 Rabbit Punch
Looney Tunes 3-4-11;Looney Tunes S1943E27 An Itch in Time
Looney Tunes 3-4-12;Looney Tunes S1945E01 Odor-Able Kitty
Looney Tunes 3-4-13;Looney Tunes S1946E18 Walky Talky Hawky
Looney Tunes 3-4-14;Looney Tunes S1957E24 Gonzales' Tamales
Looney Tunes 3-4-15;Looney Tunes S1963E16 To Beep or Not to Beep
Looney Tunes 4-1-01;Looney Tunes S1955E27 Roman Legion-Hare
Looney Tunes 4-1-02;Looney Tunes S1949E20 The Grey Hounded Hare
Looney Tunes 4-1-03;Looney Tunes S1949E34 Rabbit Hood
Looney Tunes 4-1-04;Looney Tunes S1952E02 Operation: Rabbit
Looney Tunes 4-1-05;Looney Tunes S1955E24 Knight-Mare Hare
Looney Tunes 4-1-06;Looney Tunes S1953E11 Southern Fried Rabbit
Looney Tunes 4-1-07;Looney Tunes S1949E06 Mississippi Hare
Looney Tunes 4-1-08;Looney Tunes S1950E02 Hurdy-Gurdy Hare
Looney Tunes 4-1-09;Looney Tunes S1953E04 Forward March Hare
Looney Tunes 4-1-10;Looney Tunes S1955E08 Sahara Hare
Looney Tunes 4-1-11;Looney Tunes S1956E17 Barbary-Coast Bunny
Looney Tunes 4-1-12;Looney Tunes S1956E29 To Hare is Human
Looney Tunes 4-1-13;Looney Tunes S1950E14 8 Ball Bunny
Looney Tunes 4-1-14;Looney Tunes S1958E13 Knighty Knight Bugs
Looney Tunes 4-1-15;Looney Tunes S1957E25 Rabbit Romeo
Looney Tunes 4-2-01;Looney Tunes S1937E31 The Case of the Stuttering Pig
Looney Tunes 4-2-02;Looney Tunes S1938E30 Little Pancho Vanilla
Looney Tunes 4-2-03;Looney Tunes S1936E29 Little Beau Porky
Looney Tunes 4-2-04;Looney Tunes S1938E13 Now That Summer is Gone
Looney Tunes 4-2-05;Looney Tunes S1936E32 Porky in the North Woods
Looney Tunes 4-2-06;Looney Tunes S1938E34 You're an Education
Looney Tunes 4-2-07;Looney Tunes S1937E22 Porky's Railroad
Looney Tunes 4-2-08;Looney Tunes S1944E22 Plane Daffy
Looney Tunes 4-2-09;Looney Tunes S1938E16 Porky the Fireman
Looney Tunes 4-2-10;Looney Tunes S1938E27 Cracked Ice
Looney Tunes 4-2-11;Looney Tunes S1943E28 Puss n' Booty
Looney Tunes 4-2-12;Looney Tunes S1944E06 I Got Plenty of Mutton
Looney Tunes 4-2-13;Looney Tunes S1944E24 Booby Hatched
Looney Tunes 4-2-14;Looney Tunes S1936E22 Porky's Poultry Plant
Looney Tunes 4-2-15;Looney Tunes S1944E26 The Stupid Cupid
Looney Tunes 4-3-01;Looney Tunes S1953E21 Cat-Tails for Two
Looney Tunes 4-3-02;Looney Tunes S1957E15 Tabasco Road
Looney Tunes 4-3-03;Looney Tunes S1958E02 Tortilla Flaps
Looney Tunes 4-3-04;Looney Tunes S1959E12 Mexicali Shmoes
Looney Tunes 4-3-05;Looney Tunes S1959E16 Here Today, Gone Tamale
Looney Tunes 4-3-06;Looney Tunes S1960E02 West of the Pesos
Looney Tunes 4-3-07;Looney Tunes S1961E01 Cannery Woe
Looney Tunes 4-3-08;Looney Tunes S1961E13 The Pied Piper of Guadalupe
Looney Tunes 4-3-09;Looney Tunes S1962E06 Mexican Boarders
Looney Tunes 4-3-10;Looney Tunes S1963E10 Chili Weather
Looney Tunes 4-3-11;Looney Tunes S1964E02 A Message to Gracias
Looney Tunes 4-3-12;Looney Tunes S1964E06 Nuts and Volts
Looney Tunes 4-3-13;Looney Tunes S1964E12 Pancho's Hideaway
Looney Tunes 4-3-14;Looney Tunes S1965E05 The Wild Chase
Looney Tunes 4-3-15;Looney Tunes S1966E09 A-Haunting We Will Go
Looney Tunes 4-4-01;Looney Tunes S1938E35 The Night Watchman
Looney Tunes 4-4-02;Looney Tunes S1942E07 Conrad the Sailor
Looney Tunes 4-4-03;Looney Tunes S1940E34 The Sour Puss
Looney Tunes 4-4-04;Looney Tunes S1943E16 The Aristo-Cat
Looney Tunes 4-4-05;Looney Tunes S1948E21 Dough Ray Me-ow
Looney Tunes 4-4-06;Looney Tunes S1955E01 Pizzicato Pussycat
Looney Tunes 4-4-07;Looney Tunes S1953E05 Kiss Me Cat
Looney Tunes 4-4-08;Looney Tunes S1958E20 Cat Feud
Looney Tunes 4-4-09;Looney Tunes S1956E13 The Unexpected Pest
Looney Tunes 4-4-10;Looney Tunes S1957E05 Go Fly a Kit
Looney Tunes 4-4-11;Looney Tunes S1952E10 Kiddin’ The Kitten
Looney Tunes 4-4-12;Looney Tunes S1953E08 A Peck O' Trouble
Looney Tunes 4-4-13;Looney Tunes S1960E11 Mouse and Garden
Looney Tunes 4-4-14;Looney Tunes S1940E13 Porky's Poor Fish
Looney Tunes 4-4-15;Looney Tunes S1949E27 Swallow the Leader
Looney Tunes 5-1-01;Looney Tunes S1952E07 14 Carrot Rabbit
Looney Tunes 5-1-02;Looney Tunes S1957E04 Ali Baba Bunny
Looney Tunes 5-1-03;Looney Tunes S1948E13 Buccaneer Bunny
Looney Tunes 5-1-04;Looney Tunes S1956E01 Bugs' Bonnets
Looney Tunes 5-1-05;Looney Tunes S1956E22 A Star is Bored
Looney Tunes 5-1-06;Looney Tunes S1947E14 A Pest in the House
Looney Tunes 5-1-07;Looney Tunes S1963E15 Transylvania 6-5000
Looney Tunes 5-1-08;Looney Tunes S1952E17 Oily Hare
Looney Tunes 5-1-09;Looney Tunes S1956E16 Stupor Duck
Looney Tunes 5-1-10;Looney Tunes S1948E30 The Stupor Salesman
Looney Tunes 5-1-11;Looney Tunes S1961E08 The Abominable Snow Rabbit
Looney Tunes 5-1-12;Looney Tunes S1952E26 The Super Snooper
Looney Tunes 5-1-13;Looney Tunes S1948E17 The Up-Standing Sitter
Looney Tunes 5-1-14;Looney Tunes S1946E12 Hollywood Daffy
Looney Tunes 5-1-15;Looney Tunes S1948E20 You Were Never Duckier
Looney Tunes 5-2-01;Looney Tunes S1954E18 Bewitched Bunny
Looney Tunes 5-2-02;Looney Tunes S1949E07 Paying the Piper
Looney Tunes 5-2-03;Looney Tunes S1940E11 The Bear's Tale
Looney Tunes 5-2-04;Looney Tunes S1942E24 Foney Fables
Looney Tunes 5-2-05;Looney Tunes S1960E05 Goldimouse and the Three Cats
Looney Tunes 5-2-06;Looney Tunes S1946E03 Holiday for Shoestrings
Looney Tunes 5-2-07;Looney Tunes S1952E13 Little Red Rodent Hood
Looney Tunes 5-2-08;Looney Tunes S1937E32 Little Red Walking Hood
Looney Tunes 5-2-09;Looney Tunes S1955E26 Red Riding Hoodwinked
Looney Tunes 5-2-10;Looney Tunes S1941E14 The Trial of Mr. Wolf
Looney Tunes 5-2-11;Looney Tunes S1952E18 The Turn-Tale Wolf
Looney Tunes 5-2-12;Looney Tunes S1940E18 Tom Thumb in Trouble
Looney Tunes 5-2-13;Looney Tunes S1957E10 Tweety and the Beanstalk
Looney Tunes 5-2-14;Looney Tunes S1940E17 A Gander at Mother Goose
Looney Tunes 5-2-15;Looney Tunes S1964E11 Señorella and the Glass Huarache
Looney Tunes 5-3-01;Looney Tunes S1946E16 Bacall to Arms
Looney Tunes 5-3-02;Looney Tunes S1944E20 Buckaroo Bugs
Looney Tunes 5-3-03;Looney Tunes S1942E08 Crazy Cruise
Looney Tunes 5-3-04;Looney Tunes S1941E16 Farm Frolics
Looney Tunes 5-3-05;Looney Tunes S1944E15 Hare Ribbin'
Looney Tunes 5-3-06;Looney Tunes S1940E26 Patient Porky
Looney Tunes 5-3-07;Looney Tunes S1940E31 Prehistoric Porky
Looney Tunes 5-3-08;Looney Tunes S1945E15 The Bashful Buzzard
Looney Tunes 5-3-09;Looney Tunes S1944E25 The Old Grey Hare
Looney Tunes 5-3-10;Looney Tunes S1942E14 The Wacky Wabbit
Looney Tunes 5-3-11;Looney Tunes S1943E11 The Wise Quacking Duck
Looney Tunes 5-3-12;Looney Tunes S1945E12 Wagon Heels
Looney Tunes 5-3-13;Looney Tunes S1938E36 The Daffy Doc
Looney Tunes 5-3-14;Looney Tunes S1942E36 A Tale of Two Kitties
Looney Tunes 5-3-15;Looney Tunes S1941E41 Porky's Pooch
Looney Tunes 5-4-01;Looney Tunes S1936E06 Alpine Antics
Looney Tunes 5-4-02;Looney Tunes S1942E28 Eatin' on the Cuff or The Moth Who Came to Dinner
Looney Tunes 5-4-03;Looney Tunes S1936E26 Milk and Money
Looney Tunes 5-4-04;Looney Tunes S1933E19 I've Got to Sing a Torch Song
Looney Tunes 5-4-05;Looney Tunes S1938E04 Porky at the Crocadero
Looney Tunes 5-4-06;Looney Tunes S1939E19 Polar Pals
Looney Tunes 5-4-07;Looney Tunes S1943E20 Scrap Happy Daffy
Looney Tunes 5-4-08;Looney Tunes S1937E33 Porky's Double Trouble
Looney Tunes 5-4-09;Looney Tunes S1935E21 Gold Diggers of '49
Looney Tunes 5-4-10;Looney Tunes S1940E08 Pilgrim Porky
Looney Tunes 5-4-11;Looney Tunes S1939E26 Wise Quacks
Looney Tunes 5-4-12;Looney Tunes S1941E13 Porky's Preview
Looney Tunes 5-4-13;Looney Tunes S1938E02 Porky's Poppa
Looney Tunes 5-4-14;Looney Tunes S1938E25 Wholly Smoke
Looney Tunes 5-4-15;Looney Tunes S1938E06 What Price Porky
Looney Tunes 6-1-01;Looney Tunes S1945E08 Hare Trigger
Looney Tunes 6-1-02;Looney Tunes S1943E05 To Duck or Not to Duck
Looney Tunes 6-1-03;Looney Tunes S1947E06 Birth of a Notion
Looney Tunes 6-1-04;Looney Tunes S1954E27 My Little Duckaroo
Looney Tunes 6-1-05;Looney Tunes S1947E13 Crowing Pains
Looney Tunes 6-1-06;Looney Tunes S1956E20 Raw! Raw! Rooster!
Looney Tunes 6-1-07;Looney Tunes S1956E08 Heaven Scent
Looney Tunes 6-1-08;Looney Tunes S1942E38 My Favorite Duck
Looney Tunes 6-1-09;Looney Tunes S1955E19 Jumpin' Jupiter
Looney Tunes 6-1-10;Looney Tunes S1954E19 Satan's Waitin'
Looney Tunes 6-1-11;Looney Tunes S1958E16 Hook, Line and Stinker
Looney Tunes 6-1-12;Looney Tunes S1949E32 Bear Feat
Looney Tunes 6-1-13;Looney Tunes S1950E20 Dog Gone South
Looney Tunes 6-1-14;Looney Tunes S1949E33 A Ham in a Role
Looney Tunes 6-1-15;Looney Tunes S1949E21 Often an Orphan
Looney Tunes 6-2-01;Looney Tunes S1945E02 Herr Meets Hare
Looney Tunes 6-2-02;Looney Tunes S1944E11 Russian Rhapsody
Looney Tunes 6-2-03;Looney Tunes S1943E26 Daffy - The Commando
Looney Tunes 6-2-04;Looney Tunes S1931E12 Bosko the Doughboy
Looney Tunes 6-2-05;Looney Tunes S1941E35 Rookie Revue
Looney Tunes 6-2-06;Looney Tunes S1942E15 The Draft Horse
Looney Tunes 6-2-07;Looney Tunes S1942E23 Wacky Blackout
Looney Tunes 6-2-08;Looney Tunes S1942E25 The Ducktators
Looney Tunes 6-2-09;Looney Tunes S1944E07 The Weakly Reporter
Looney Tunes 6-2-10;Looney Tunes S1943E06 Fifth-Column Mouse
Looney Tunes 6-2-11;Looney Tunes S1941E22 Meet John Doughboy
Looney Tunes 6-2-12;Looney Tunes S1946E08 Hollywood Canine Canteen
Looney Tunes 6-2-13;Looney Tunes S1954E24 By Word of Mouse
Looney Tunes 6-2-14;Looney Tunes S1955E28 Heir-Conditioned
Looney Tunes 6-2-15;Looney Tunes S1956E24 Yankee Dood It
Looney Tunes 6-3-01;Looney Tunes S1930E02 Congo Jazz
Looney Tunes 6-3-02;Looney Tunes S1931E09 Smile, Darn Ya, Smile!
Looney Tunes 6-3-03;Looney Tunes S1930E04 The Booze Hangs High
Looney Tunes 6-3-04;Looney Tunes S1931E11 One More Time
Looney Tunes 6-3-05;Looney Tunes S1933E16 Bosko's Picture Show
Looney Tunes 6-3-06;Looney Tunes S1931E13 You Don't Know What You're Doin'!
Looney Tunes 6-3-07;Looney Tunes S1933E15 We're in the Money
Looney Tunes 6-3-08;Looney Tunes S1932E20 Ride Him, Bosko!
Looney Tunes 6-3-09;Looney Tunes S1933E13 Shuffle Off to Buffalo
Looney Tunes 6-3-10;Looney Tunes S1933E04 Bosko in Person
Looney Tunes 6-3-11;Looney Tunes S1933E14 The Dish Ran Away with the Spoon
Looney Tunes 6-3-12;Looney Tunes S1933E17 Buddy's Day Out
Looney Tunes 6-3-13;Looney Tunes S1933E21 Buddy's Beer Garden
Looney Tunes 6-3-14;Looney Tunes S1934E20 Buddy's Circus
Looney Tunes 6-3-15;Looney Tunes S1935E18 A Cartoonist's Nightmare
Looney Tunes 6-4-01;Looney Tunes S1942E11 Horton Hatches the Egg
Looney Tunes 6-4-02;Looney Tunes S1942E16 Lights Fantastic
Looney Tunes 6-4-03;Looney Tunes S1945E14 Fresh Airedale
Looney Tunes 6-4-04;Looney Tunes S1951E15 Chow Hound
Looney Tunes 6-4-05;Looney Tunes S1954E17 The Oily American
Looney Tunes 6-4-06;Looney Tunes S1950E17 It's Hummer Time
Looney Tunes 6-4-07;Looney Tunes S1956E18 Rocket-bye Baby
Looney Tunes 6-4-08;Looney Tunes S1954E23 Goo Goo Goliath
Looney Tunes 6-4-09;Looney Tunes S1954E05 Wild Wife
Looney Tunes 6-4-10;Looney Tunes S1953E13 Much Ado About Nutting
Looney Tunes 6-4-11;Looney Tunes S1955E10 The Hole Idea
Looney Tunes 6-4-12;Looney Tunes S1963E06 Now Hear This
Looney Tunes 6-4-13;Looney Tunes S1962E16 Martian Through Georgia
Looney Tunes 6-4-14;Looney Tunes S1936E05 Page Miss Glory
Looney Tunes 6-4-15;Looney Tunes S1968E02 Norman Normal